<?xml version='1.0' encoding='UTF-8'?>
<com.aspectsecurity.contrast.contrastjenkins.ContrastPluginConfig_-ContrastPluginConfigDescriptor plugin="contrast-jenkins@1.0-SNAPSHOT">
    <teamServerProfiles>
        <com.aspectsecurity.contrast.contrastjenkins.TeamServerProfile>
            <name>WebGoat</name>
            <username>contrast_admin</username>
            <apiKey>demo</apiKey>
            <serviceKey>demo</serviceKey>
            <orgUuid>110a6669-82fb-4db3-8ad2-fef35b01371c</orgUuid>
            <teamServerUrl>http://localhost:19080/Contrast/api</teamServerUrl>
            <applicationName>WebGoat</applicationName>
            <failOnWrongApplicationName>false</failOnWrongApplicationName>
        </com.aspectsecurity.contrast.contrastjenkins.TeamServerProfile>
    </teamServerProfiles>
</com.aspectsecurity.contrast.contrastjenkins.ContrastPluginConfig_-ContrastPluginConfigDescriptor>